Filename;total_area;avg_circularity;eccentricity;total_perimeter;avg_solidity;avg_aspect_ratio
p1.csv;45653.5;0.2364070552446149;0.745691154380986;1557.8001968860626;0.5164452287626061;0.7128712871287128
p1.csv;48560.0;0.25909461604875;0.7373939916897992;1534.6702588796616;0.5320011393764106;0.7046004842615012
